{
  "metrics/precision(B)": 0.22244269134621636,
  "metrics/recall(B)": 0.16800990200358473,
  "metrics/mAP50(B)": 0.0846591375317205,
  "metrics/mAP50-95(B)": 0.04234730235579028,
  "fitness": 0.04234730235579028
}