{
  "metrics/precision(B)": 0.29618898725713394,
  "metrics/recall(B)": 0.20652623570602985,
  "metrics/mAP50(B)": 0.11918247854882669,
  "metrics/mAP50-95(B)": 0.05334076632971112,
  "fitness": 0.05334076632971112
}