{
  "metrics/precision(B)": 0.29717485110818664,
  "metrics/recall(B)": 0.2554550500131979,
  "metrics/mAP50(B)": 0.1502870381409874,
  "metrics/mAP50-95(B)": 0.07146340228845624,
  "fitness": 0.07146340228845624
}