{
  "metrics/precision(B)": 0.4723699654994761,
  "metrics/recall(B)": 0.24752029461996544,
  "metrics/mAP50(B)": 0.27166566139390624,
  "metrics/mAP50-95(B)": 0.22080461489935152,
  "fitness": 0.22080461489935152
}