{
  "metrics/precision(B)": 0.2382653769132794,
  "metrics/recall(B)": 0.2289132960725345,
  "metrics/mAP50(B)": 0.15967141711562208,
  "metrics/mAP50-95(B)": 0.121666197817392,
  "fitness": 0.121666197817392
}