{
  "metrics/precision(B)": 0.44838082555117764,
  "metrics/recall(B)": 0.18959640136036562,
  "metrics/mAP50(B)": 0.2111937173897019,
  "metrics/mAP50-95(B)": 0.14978132839627048,
  "fitness": 0.14978132839627048
}