{
  "metrics/precision(B)": 0.27819415114058416,
  "metrics/recall(B)": 0.1996950765628978,
  "metrics/mAP50(B)": 0.11305102830656695,
  "metrics/mAP50-95(B)": 0.05304328982407408,
  "fitness": 0.05304328982407408
}