{
  "metrics/precision(B)": 0.060994939469382434,
  "metrics/recall(B)": 0.20919731709274955,
  "metrics/mAP50(B)": 0.034376438025239514,
  "metrics/mAP50-95(B)": 0.026899093234376448,
  "fitness": 0.026899093234376448
}