{
  "metrics/precision(B)": 0.5594410598773073,
  "metrics/recall(B)": 0.2459875584716964,
  "metrics/mAP50(B)": 0.29408982664478517,
  "metrics/mAP50-95(B)": 0.2426451123239468,
  "fitness": 0.2426451123239468
}