{
  "metrics/precision(B)": 0.3253840701998197,
  "metrics/recall(B)": 0.24382717804725218,
  "metrics/mAP50(B)": 0.15301157794286174,
  "metrics/mAP50-95(B)": 0.0747086911864134,
  "fitness": 0.0747086911864134
}