{
  "metrics/precision(B)": 0.4687154898511876,
  "metrics/recall(B)": 0.2678443576485317,
  "metrics/mAP50(B)": 0.34002086629739037,
  "metrics/mAP50-95(B)": 0.2745693981041588,
  "fitness": 0.2745693981041588
}