{
  "metrics/precision(B)": 0.2558347063897723,
  "metrics/recall(B)": 0.1346671380349618,
  "metrics/mAP50(B)": 0.13156108165470023,
  "metrics/mAP50-95(B)": 0.11313181376764456,
  "fitness": 0.11313181376764456
}