{
  "metrics/precision(B)": 0.2711630833458608,
  "metrics/recall(B)": 0.3253898721224303,
  "metrics/mAP50(B)": 0.19676883508753934,
  "metrics/mAP50-95(B)": 0.13514641907241687,
  "fitness": 0.13514641907241687
}