{
  "metrics/precision(B)": 0.29791471701101596,
  "metrics/recall(B)": 0.25890765914812447,
  "metrics/mAP50(B)": 0.16345860396544443,
  "metrics/mAP50-95(B)": 0.08025380725445076,
  "fitness": 0.08025380725445076
}