{
  "metrics/precision(B)": 0.32027653049315674,
  "metrics/recall(B)": 0.26297743710420923,
  "metrics/mAP50(B)": 0.15980055812728955,
  "metrics/mAP50-95(B)": 0.07589605194217597,
  "fitness": 0.07589605194217597
}