{
  "metrics/precision(B)": 0.04154408469306884,
  "metrics/recall(B)": 0.08212024918733565,
  "metrics/mAP50(B)": 0.015407419082289587,
  "metrics/mAP50-95(B)": 0.008766922044143475,
  "fitness": 0.008766922044143475
}