{
  "metrics/precision(B)": 0.25342847948948577,
  "metrics/recall(B)": 0.20952341682861558,
  "metrics/mAP50(B)": 0.10808861848102949,
  "metrics/mAP50-95(B)": 0.04982611888049686,
  "fitness": 0.04982611888049686
}