{
  "metrics/precision(B)": 0.41981935916420576,
  "metrics/recall(B)": 0.20264066248867865,
  "metrics/mAP50(B)": 0.22978715774853564,
  "metrics/mAP50-95(B)": 0.19665492807987078,
  "fitness": 0.19665492807987078
}