{
  "metrics/precision(B)": 0.3356794621593552,
  "metrics/recall(B)": 0.28942499131920385,
  "metrics/mAP50(B)": 0.17667112305743637,
  "metrics/mAP50-95(B)": 0.08454969394774525,
  "fitness": 0.08454969394774525
}