{
  "metrics/precision(B)": 0.31969204996158457,
  "metrics/recall(B)": 0.21160831765698898,
  "metrics/mAP50(B)": 0.12477182434478704,
  "metrics/mAP50-95(B)": 0.06237240013209884,
  "fitness": 0.06237240013209884
}