{
  "metrics/precision(B)": 0.18414718667313318,
  "metrics/recall(B)": 0.12318420092127727,
  "metrics/mAP50(B)": 0.05683333470734945,
  "metrics/mAP50-95(B)": 0.026238232269986624,
  "fitness": 0.026238232269986624
}