{
  "metrics/precision(B)": 0.24664585727939814,
  "metrics/recall(B)": 0.17824573153575518,
  "metrics/mAP50(B)": 0.12908555717966977,
  "metrics/mAP50-95(B)": 0.09107896115944801,
  "fitness": 0.09107896115944801
}