{
  "metrics/precision(B)": 0.15330834341086697,
  "metrics/recall(B)": 0.1852221985276768,
  "metrics/mAP50(B)": 0.09984736744413528,
  "metrics/mAP50-95(B)": 0.08094428280596787,
  "fitness": 0.08094428280596787
}