{
  "metrics/precision(B)": 0.3716536579789424,
  "metrics/recall(B)": 0.17597071732578495,
  "metrics/mAP50(B)": 0.1895598323224229,
  "metrics/mAP50-95(B)": 0.16270004438437843,
  "fitness": 0.16270004438437843
}