{
  "metrics/precision(B)": 0.2663336789772408,
  "metrics/recall(B)": 0.22144242886931936,
  "metrics/mAP50(B)": 0.11812078734358722,
  "metrics/mAP50-95(B)": 0.054843533941378794,
  "fitness": 0.054843533941378794
}