{
  "metrics/precision(B)": 0.22013993128069334,
  "metrics/recall(B)": 0.15957756049068791,
  "metrics/mAP50(B)": 0.10799594053340672,
  "metrics/mAP50-95(B)": 0.07566630683650621,
  "fitness": 0.07566630683650621
}