{
  "metrics/precision(B)": 0.2713918461296779,
  "metrics/recall(B)": 0.18863125190064872,
  "metrics/mAP50(B)": 0.10829197325622436,
  "metrics/mAP50-95(B)": 0.052060584049899036,
  "fitness": 0.052060584049899036
}