{
  "metrics/precision(B)": 0.3489267265066103,
  "metrics/recall(B)": 0.2898055642630869,
  "metrics/mAP50(B)": 0.1715147719158853,
  "metrics/mAP50-95(B)": 0.08025966119669645,
  "fitness": 0.08025966119669645
}