{
  "metrics/precision(B)": 0.41743120466120165,
  "metrics/recall(B)": 0.3544929452869522,
  "metrics/mAP50(B)": 0.35836899554982987,
  "metrics/mAP50-95(B)": 0.284989606621231,
  "fitness": 0.284989606621231
}