{
  "metrics/precision(B)": 0.3220726469020576,
  "metrics/recall(B)": 0.273476879915132,
  "metrics/mAP50(B)": 0.16359459951031216,
  "metrics/mAP50-95(B)": 0.07924829449159852,
  "fitness": 0.07924829449159852
}