{
  "metrics/precision(B)": 0.3254990595860841,
  "metrics/recall(B)": 0.14512743086489596,
  "metrics/mAP50(B)": 0.08545323596830176,
  "metrics/mAP50-95(B)": 0.042824970550242765,
  "fitness": 0.042824970550242765
}