task,model,direction,mean_external_score,external_score_sd,mean_retention,retention_sd,ranking_stability
classification,dinov2_small_linear,cropandweed -> phenobench,0.6264280780062702,0.12053055607828005,0.7668317368789457,0.1219496504150103,rank 1-5 across seeds
classification,dinov2_small_linear,phenobench -> cropandweed,0.5785085594315246,0.05571236777376972,0.8078056011958608,0.08159822186215494,rank 1-1 across seeds
detection,yolov5l6u,cropandweed -> phenobench,0.5266666666666667,0.013576941236277546,0.6037666402224221,0.01674618452664523,rank 1-2 across seeds
detection,rtdetr_l,phenobench -> cropandweed,0.3411187700139269,0.01342816658172222,0.4881226243896281,0.01948815155775243,rank 1-2 across seeds
segmentation,segformer_b0,cropandweed -> phenobench,0.5478936998543088,0.054925665967133684,0.6705274332157113,0.07926196194042434,rank 1-2 across seeds
segmentation,mask2former_swin_tiny,phenobench -> cropandweed,0.4428697494183878,0.009598132523546885,0.5059977909003222,0.01118921479961961,rank 1-3 across seeds
