{
  "metrics/precision(B)": 0.26864650153790026,
  "metrics/recall(B)": 0.21753415982210095,
  "metrics/mAP50(B)": 0.11967272667786358,
  "metrics/mAP50-95(B)": 0.05612177739502237,
  "fitness": 0.05612177739502237
}