{
  "metrics/precision(B)": 0.5318928802521458,
  "metrics/recall(B)": 0.2594758811600525,
  "metrics/mAP50(B)": 0.3189782349604606,
  "metrics/mAP50-95(B)": 0.2611662624807336,
  "fitness": 0.2611662624807336
}