{
  "metrics/precision(B)": 0.061487271451565476,
  "metrics/recall(B)": 0.0929739501446944,
  "metrics/mAP50(B)": 0.026358875090683923,
  "metrics/mAP50-95(B)": 0.016101310126520614,
  "fitness": 0.016101310126520614
}