{
  "metrics/precision(B)": 0.06476502270266501,
  "metrics/recall(B)": 0.19433908029667013,
  "metrics/mAP50(B)": 0.04164262320467871,
  "metrics/mAP50-95(B)": 0.03265079956551416,
  "fitness": 0.03265079956551416
}