{
  "metrics/precision(B)": 0.23238458632523035,
  "metrics/recall(B)": 0.20085177499263157,
  "metrics/mAP50(B)": 0.1035822548052477,
  "metrics/mAP50-95(B)": 0.05138587750000386,
  "fitness": 0.05138587750000386
}