{
  "metrics/precision(B)": 0.33392764882549475,
  "metrics/recall(B)": 0.27307317758736716,
  "metrics/mAP50(B)": 0.164099637214765,
  "metrics/mAP50-95(B)": 0.0798543644884084,
  "fitness": 0.0798543644884084
}