{
  "metrics/precision(B)": 0.3091322677605072,
  "metrics/recall(B)": 0.2164679226330401,
  "metrics/mAP50(B)": 0.13092874621027212,
  "metrics/mAP50-95(B)": 0.06674300299496322,
  "fitness": 0.06674300299496322
}