{
  "metrics/precision(B)": 0.27732081506396966,
  "metrics/recall(B)": 0.2973052139441769,
  "metrics/mAP50(B)": 0.17362295268535177,
  "metrics/mAP50-95(B)": 0.12271477061710337,
  "fitness": 0.12271477061710337
}