{
  "metrics/precision(B)": 0.18345897598538818,
  "metrics/recall(B)": 0.19974642195955628,
  "metrics/mAP50(B)": 0.10477035410001634,
  "metrics/mAP50-95(B)": 0.07079927957174027,
  "fitness": 0.07079927957174027
}