{
  "metrics/precision(B)": 0.2942589290163482,
  "metrics/recall(B)": 0.24214549074959074,
  "metrics/mAP50(B)": 0.15375061504026083,
  "metrics/mAP50-95(B)": 0.07509692875848112,
  "fitness": 0.07509692875848112
}