{
  "metrics/precision(B)": 0.08552453975721445,
  "metrics/recall(B)": 0.11338603522775278,
  "metrics/mAP50(B)": 0.039487614000731995,
  "metrics/mAP50-95(B)": 0.02507710069135578,
  "fitness": 0.02507710069135578
}