{
  "metrics/precision(B)": 0.30818699200684097,
  "metrics/recall(B)": 0.10638940808822422,
  "metrics/mAP50(B)": 0.06151900335039011,
  "metrics/mAP50-95(B)": 0.030671927731491994,
  "fitness": 0.030671927731491994
}