{
  "metrics/precision(B)": 0.16754202784816308,
  "metrics/recall(B)": 0.13659045041348783,
  "metrics/mAP50(B)": 0.08195443619055548,
  "metrics/mAP50-95(B)": 0.05450075975829675,
  "fitness": 0.05450075975829675
}