{
  "metrics/precision(B)": 0.05137877211238293,
  "metrics/recall(B)": 0.07983023443815683,
  "metrics/mAP50(B)": 0.008752694033481792,
  "metrics/mAP50-95(B)": 0.004542647000626411,
  "fitness": 0.004542647000626411
}