{
  "metrics/precision(B)": 0.22259851341457887,
  "metrics/recall(B)": 0.1795893494754795,
  "metrics/mAP50(B)": 0.0853382099553266,
  "metrics/mAP50-95(B)": 0.03830041498148729,
  "fitness": 0.03830041498148729
}