{
  "metrics/precision(B)": 0.31830623493475363,
  "metrics/recall(B)": 0.264840198306453,
  "metrics/mAP50(B)": 0.16131608392531888,
  "metrics/mAP50-95(B)": 0.07823472104193072,
  "fitness": 0.07823472104193072
}