{
  "metrics/precision(B)": 0.26454392017180584,
  "metrics/recall(B)": 0.2735549007572434,
  "metrics/mAP50(B)": 0.18119024282273116,
  "metrics/mAP50-95(B)": 0.1354674878646943,
  "fitness": 0.1354674878646943
}