{
  "metrics/precision(B)": 0.29816013982025286,
  "metrics/recall(B)": 0.23276502612315167,
  "metrics/mAP50(B)": 0.12448583159057931,
  "metrics/mAP50-95(B)": 0.058249915156875734,
  "fitness": 0.058249915156875734
}