{
  "metrics/precision(B)": 0.2751301379045418,
  "metrics/recall(B)": 0.17614384343706205,
  "metrics/mAP50(B)": 0.09608265507426554,
  "metrics/mAP50-95(B)": 0.048249701072065276,
  "fitness": 0.048249701072065276
}