{
  "metrics/precision(B)": 0.23698399681576127,
  "metrics/recall(B)": 0.2615337929714771,
  "metrics/mAP50(B)": 0.17709954576412226,
  "metrics/mAP50-95(B)": 0.13396677678582214,
  "fitness": 0.13396677678582214
}