{
  "metrics/precision(B)": 0.2061406235829278,
  "metrics/recall(B)": 0.22606846408262782,
  "metrics/mAP50(B)": 0.13239040586679568,
  "metrics/mAP50-95(B)": 0.0945909089705775,
  "fitness": 0.0945909089705775
}