{
  "metrics/precision(B)": 0.23021798457340198,
  "metrics/recall(B)": 0.24027579910304883,
  "metrics/mAP50(B)": 0.1697303047440762,
  "metrics/mAP50-95(B)": 0.12810725469800985,
  "fitness": 0.12810725469800985
}