{
  "metrics/precision(B)": 0.31601429211902987,
  "metrics/recall(B)": 0.27127622560687775,
  "metrics/mAP50(B)": 0.15295133851064857,
  "metrics/mAP50-95(B)": 0.07381509706371807,
  "fitness": 0.07381509706371807
}