{
  "metrics/precision(B)": 0.03047905950886204,
  "metrics/recall(B)": 0.07366947244319863,
  "metrics/mAP50(B)": 0.010754008480816403,
  "metrics/mAP50-95(B)": 0.00628619948905026,
  "fitness": 0.00628619948905026
}