{
  "metrics/precision(B)": 0.2042495708740712,
  "metrics/recall(B)": 0.15323811996275816,
  "metrics/mAP50(B)": 0.07238705162279396,
  "metrics/mAP50-95(B)": 0.03740732769615173,
  "fitness": 0.03740732769615173
}