{
  "metrics/precision(B)": 0.19363022582423808,
  "metrics/recall(B)": 0.13128476995334065,
  "metrics/mAP50(B)": 0.051609777084695496,
  "metrics/mAP50-95(B)": 0.024134701489699026,
  "fitness": 0.024134701489699026
}