{
  "metrics/precision(B)": 0.2548448094975276,
  "metrics/recall(B)": 0.19021734221311953,
  "metrics/mAP50(B)": 0.09600009096691231,
  "metrics/mAP50-95(B)": 0.043856160777099744,
  "fitness": 0.043856160777099744
}