{
  "metrics/precision(B)": 0.20070434027611594,
  "metrics/recall(B)": 0.13663565474110287,
  "metrics/mAP50(B)": 0.10612807212649589,
  "metrics/mAP50-95(B)": 0.07925475543137123,
  "fitness": 0.07925475543137123
}