{
  "metrics/precision(B)": 0.29270126042257705,
  "metrics/recall(B)": 0.15359349318242113,
  "metrics/mAP50(B)": 0.08876032898493542,
  "metrics/mAP50-95(B)": 0.041522608213934435,
  "fitness": 0.041522608213934435
}