{
  "metrics/precision(B)": 0.4752388812816385,
  "metrics/recall(B)": 0.21966972056022555,
  "metrics/mAP50(B)": 0.23661734498614445,
  "metrics/mAP50-95(B)": 0.20378019650150092,
  "fitness": 0.20378019650150092
}