{
  "metrics/precision(B)": 0.26226187370596044,
  "metrics/recall(B)": 0.15832290938677085,
  "metrics/mAP50(B)": 0.08081548186942866,
  "metrics/mAP50-95(B)": 0.038626433105652634,
  "fitness": 0.038626433105652634
}