{
  "metrics/precision(B)": 0.2394012856875258,
  "metrics/recall(B)": 0.18520121869010553,
  "metrics/mAP50(B)": 0.10428809727493267,
  "metrics/mAP50-95(B)": 0.052110866892964,
  "fitness": 0.052110866892964
}