{
  "metrics/precision(B)": 0.30671885951591304,
  "metrics/recall(B)": 0.2670822528838842,
  "metrics/mAP50(B)": 0.16767119190223845,
  "metrics/mAP50-95(B)": 0.08123262374112591,
  "fitness": 0.08123262374112591
}