{
  "metrics/precision(B)": 0.2801453414172118,
  "metrics/recall(B)": 0.2527028103004539,
  "metrics/mAP50(B)": 0.14282818039132147,
  "metrics/mAP50-95(B)": 0.06755884865426452,
  "fitness": 0.06755884865426452
}