{
  "metrics/precision(B)": 0.10738960102645005,
  "metrics/recall(B)": 0.10436665696361518,
  "metrics/mAP50(B)": 0.059045022542575425,
  "metrics/mAP50-95(B)": 0.039133240069967365,
  "fitness": 0.039133240069967365
}