{
  "metrics/precision(B)": 0.2266862903244962,
  "metrics/recall(B)": 0.14498933340036277,
  "metrics/mAP50(B)": 0.14583902459128614,
  "metrics/mAP50-95(B)": 0.12475464284587642,
  "fitness": 0.12475464284587642
}