{
  "metrics/precision(B)": 0.460981951752003,
  "metrics/recall(B)": 0.21280575761236825,
  "metrics/mAP50(B)": 0.24195046812722928,
  "metrics/mAP50-95(B)": 0.19282622879186512,
  "fitness": 0.19282622879186512
}