{
  "metrics/precision(B)": 0.33420270351391057,
  "metrics/recall(B)": 0.19652147411052984,
  "metrics/mAP50(B)": 0.12467551381166392,
  "metrics/mAP50-95(B)": 0.0646297072926777,
  "fitness": 0.0646297072926777
}