{
  "metrics/precision(B)": 0.27079343696241065,
  "metrics/recall(B)": 0.2191138937296072,
  "metrics/mAP50(B)": 0.1227628326194521,
  "metrics/mAP50-95(B)": 0.05798015449178469,
  "fitness": 0.05798015449178469
}