{
  "metrics/precision(B)": 0.20256631000835945,
  "metrics/recall(B)": 0.14004908825101012,
  "metrics/mAP50(B)": 0.11209646754374505,
  "metrics/mAP50-95(B)": 0.06913019965438787,
  "fitness": 0.06913019965438787
}