{
  "metrics/precision(B)": 0.24199728469096254,
  "metrics/recall(B)": 0.21197247275193193,
  "metrics/mAP50(B)": 0.11925744458157682,
  "metrics/mAP50-95(B)": 0.05764049476129207,
  "fitness": 0.05764049476129207
}