{
  "metrics/precision(B)": 0.27033079729029635,
  "metrics/recall(B)": 0.18417121344508489,
  "metrics/mAP50(B)": 0.10922548537797676,
  "metrics/mAP50-95(B)": 0.0525811330491466,
  "fitness": 0.0525811330491466
}