{
  "metrics/precision(B)": 0.20590338939885086,
  "metrics/recall(B)": 0.15905416329830235,
  "metrics/mAP50(B)": 0.12273203353708521,
  "metrics/mAP50-95(B)": 0.0927818061737066,
  "fitness": 0.0927818061737066
}