{
  "metrics/precision(B)": 0.2635946639618469,
  "metrics/recall(B)": 0.5766533634857686,
  "metrics/mAP50(B)": 0.35017058852312233,
  "metrics/mAP50-95(B)": 0.28109435692090184,
  "fitness": 0.28109435692090184
}