{
  "metrics/precision(B)": 0.26633637491496687,
  "metrics/recall(B)": 0.2014422410319074,
  "metrics/mAP50(B)": 0.14044370764109215,
  "metrics/mAP50-95(B)": 0.09833338726494958,
  "fitness": 0.09833338726494958
}