{
  "metrics/precision(B)": 0.5365601588349248,
  "metrics/recall(B)": 0.24438454008871693,
  "metrics/mAP50(B)": 0.2634917990007061,
  "metrics/mAP50-95(B)": 0.22443032397334806,
  "fitness": 0.22443032397334806
}