{
  "metrics/precision(B)": 0.26315554374564465,
  "metrics/recall(B)": 0.24020162620424523,
  "metrics/mAP50(B)": 0.13581966771177792,
  "metrics/mAP50-95(B)": 0.06356418445896411,
  "fitness": 0.06356418445896411
}