{
  "metrics/precision(B)": 0.16490469520953588,
  "metrics/recall(B)": 0.15011627444986536,
  "metrics/mAP50(B)": 0.09924832680863009,
  "metrics/mAP50-95(B)": 0.06425089980917456,
  "fitness": 0.06425089980917456
}