{
  "metrics/precision(B)": 0.2463877105994271,
  "metrics/recall(B)": 0.1984929630544071,
  "metrics/mAP50(B)": 0.10713302800980504,
  "metrics/mAP50-95(B)": 0.05193099950762089,
  "fitness": 0.05193099950762089
}