{
  "metrics/precision(B)": 0.284667832734668,
  "metrics/recall(B)": 0.22340480162831022,
  "metrics/mAP50(B)": 0.1322325796243018,
  "metrics/mAP50-95(B)": 0.06398403107945226,
  "fitness": 0.06398403107945226
}