{
  "metrics/precision(B)": 0.2237206640737712,
  "metrics/recall(B)": 0.1978932030292619,
  "metrics/mAP50(B)": 0.09815797788096361,
  "metrics/mAP50-95(B)": 0.045400892493185054,
  "fitness": 0.045400892493185054
}