{
  "metrics/precision(B)": 0.2868440766838871,
  "metrics/recall(B)": 0.33080871555653213,
  "metrics/mAP50(B)": 0.18809281176760928,
  "metrics/mAP50-95(B)": 0.13033682592255097,
  "fitness": 0.13033682592255097
}