{
  "metrics/precision(B)": 0.26618228227430096,
  "metrics/recall(B)": 0.20747422895971412,
  "metrics/mAP50(B)": 0.11659121433726621,
  "metrics/mAP50-95(B)": 0.05244611829990179,
  "fitness": 0.05244611829990179
}