{
  "metrics/precision(B)": 0.20896084337349397,
  "metrics/recall(B)": 0.11216653193209378,
  "metrics/mAP50(B)": 0.0865962655891597,
  "metrics/mAP50-95(B)": 0.045681189179396474,
  "fitness": 0.045681189179396474
}