{
  "metrics/precision(B)": 0.3458872360125789,
  "metrics/recall(B)": 0.2836811680797401,
  "metrics/mAP50(B)": 0.16585931655805503,
  "metrics/mAP50-95(B)": 0.07964147312049798,
  "fitness": 0.07964147312049798
}