{
  "metrics/precision(B)": 0.2730981199347186,
  "metrics/recall(B)": 0.18472930704862126,
  "metrics/mAP50(B)": 0.14529631407189214,
  "metrics/mAP50-95(B)": 0.11149050946502019,
  "fitness": 0.11149050946502019
}