model,direction,n_seeds,clean_mAP50_95_mean,clean_mAP50_95_sd,worst_corruption,worst_mAP50_95_mean,worst_mAP50_95_sd,absolute_drop_mean
RT-DETR-L,C&W -> PB,3,0.1213792336840649,0.02012247998809367,gaussian_blur_7,0.0305059030899862,0.03380771085163235,0.0908733305940787
RT-DETR-L,PB -> C&W,3,0.05506963780910246,0.00404037563712363,gaussian_blur_7,0.0355320396055983,0.006431412668386134,0.01953759820350416
YOLO11m,C&W -> PB,3,0.28021778721543056,0.005265117968405694,jpeg_quality_30,0.04683139186861943,0.02968227631950556,0.23338639534681113
YOLO11m,PB -> C&W,3,0.07112326813461954,0.00654923595656483,jpeg_quality_30,0.031924608750956866,0.011718100445963333,0.039198659383662675
