model,clean_mAP50_95,worst_corruption,worst_mAP50_95,absolute_drop
RT-DETR-L,0.1354674878646943,gaussian_blur_5,0.0642508998091745,0.07121658805551981
YOLO11m,0.2745693981041588,jpeg_quality_30,0.0326507995655141,0.24191859853864472
