{
  "metrics/precision(B)": 0.26874793308787326,
  "metrics/recall(B)": 0.2767135278105943,
  "metrics/mAP50(B)": 0.16124529904926596,
  "metrics/mAP50-95(B)": 0.11410256750168926,
  "fitness": 0.11410256750168926
}