{
  "metrics/precision(B)": 0.28090119878615316,
  "metrics/recall(B)": 0.21698357806050025,
  "metrics/mAP50(B)": 0.1295547589291336,
  "metrics/mAP50-95(B)": 0.06132435679838529,
  "fitness": 0.06132435679838529
}