{
  "metrics/precision(B)": 0.26420317330803256,
  "metrics/recall(B)": 0.19454326044522297,
  "metrics/mAP50(B)": 0.1157305455269946,
  "metrics/mAP50-95(B)": 0.0557172146268133,
  "fitness": 0.0557172146268133
}