{
  "metrics/precision(B)": 0.2490617685191276,
  "metrics/recall(B)": 0.17526783046865774,
  "metrics/mAP50(B)": 0.09444642276486989,
  "metrics/mAP50-95(B)": 0.047671701058519596,
  "fitness": 0.047671701058519596
}