{
  "metrics/precision(B)": 0.46707334356751934,
  "metrics/recall(B)": 0.2222970447316079,
  "metrics/mAP50(B)": 0.26964020375901177,
  "metrics/mAP50-95(B)": 0.21287591255956043,
  "fitness": 0.21287591255956043
}