{
  "metrics/precision(B)": 0.3164185358157634,
  "metrics/recall(B)": 0.18089232346654804,
  "metrics/mAP50(B)": 0.19092806053365532,
  "metrics/mAP50-95(B)": 0.16672752322934195,
  "fitness": 0.16672752322934195
}