{
  "metrics/precision(B)": 0.2605406262549639,
  "metrics/recall(B)": 0.21737800971593227,
  "metrics/mAP50(B)": 0.12112508216122139,
  "metrics/mAP50-95(B)": 0.05715580482885181,
  "fitness": 0.05715580482885181
}