{
  "metrics/precision(B)": 0.24696595663276916,
  "metrics/recall(B)": 0.2506950925533269,
  "metrics/mAP50(B)": 0.13657501364302205,
  "metrics/mAP50-95(B)": 0.09320155287389038,
  "fitness": 0.09320155287389038
}