{
  "metrics/precision(B)": 0.27117521918720205,
  "metrics/recall(B)": 0.19574629304242558,
  "metrics/mAP50(B)": 0.1446256744042871,
  "metrics/mAP50-95(B)": 0.10631896871359206,
  "fitness": 0.10631896871359206
}