{
  "metrics/precision(B)": 0.2344499370095442,
  "metrics/recall(B)": 0.20752742203283853,
  "metrics/mAP50(B)": 0.10595473096759957,
  "metrics/mAP50-95(B)": 0.05095577964087396,
  "fitness": 0.05095577964087396
}