{
  "metrics/precision(B)": 0.4738036191047863,
  "metrics/recall(B)": 0.24749207201231826,
  "metrics/mAP50(B)": 0.3061367072611662,
  "metrics/mAP50-95(B)": 0.25056878576648656,
  "fitness": 0.25056878576648656
}