{
  "metrics/precision(B)": 0.2108168506914766,
  "metrics/recall(B)": 0.19849341881748722,
  "metrics/mAP50(B)": 0.1318637798287663,
  "metrics/mAP50-95(B)": 0.09769969673350189,
  "fitness": 0.09769969673350189
}