{
  "metrics/precision(B)": 0.302945065682605,
  "metrics/recall(B)": 0.25238172821283655,
  "metrics/mAP50(B)": 0.13529617183156875,
  "metrics/mAP50-95(B)": 0.06243190840651926,
  "fitness": 0.06243190840651926
}