{
  "metrics/precision(B)": 0.23925119107285456,
  "metrics/recall(B)": 0.1797115429972323,
  "metrics/mAP50(B)": 0.09415296526300058,
  "metrics/mAP50-95(B)": 0.048011389197956215,
  "fitness": 0.048011389197956215
}