{
  "metrics/precision(B)": 0.43987814609033277,
  "metrics/recall(B)": 0.19666270306079517,
  "metrics/mAP50(B)": 0.21443526770357327,
  "metrics/mAP50-95(B)": 0.1706757676464721,
  "fitness": 0.1706757676464721
}