{
  "metrics/precision(B)": 0.24689380328146387,
  "metrics/recall(B)": 0.22113514687142766,
  "metrics/mAP50(B)": 0.12024821495741711,
  "metrics/mAP50-95(B)": 0.05669658262949713,
  "fitness": 0.05669658262949713
}