{
  "metrics/precision(B)": 0.2565619016242388,
  "metrics/recall(B)": 0.2504481917863534,
  "metrics/mAP50(B)": 0.17494876128943934,
  "metrics/mAP50-95(B)": 0.13236893600680447,
  "fitness": 0.13236893600680447
}