{
  "metrics/precision(B)": 0.31950167995219464,
  "metrics/recall(B)": 0.32824240709193064,
  "metrics/mAP50(B)": 0.25148645614498877,
  "metrics/mAP50-95(B)": 0.20678382205413176,
  "fitness": 0.20678382205413176
}