{
  "metrics/precision(B)": 0.2855246403325976,
  "metrics/recall(B)": 0.20846064264592384,
  "metrics/mAP50(B)": 0.1147533544290735,
  "metrics/mAP50-95(B)": 0.05265793430113116,
  "fitness": 0.05265793430113116
}