{
  "metrics/precision(B)": 0.4470945144557958,
  "metrics/recall(B)": 0.21371896611418734,
  "metrics/mAP50(B)": 0.2316658479938856,
  "metrics/mAP50-95(B)": 0.19455531420827707,
  "fitness": 0.19455531420827707
}