{
  "metrics/precision(B)": 0.2537549223025349,
  "metrics/recall(B)": 0.28979034922066116,
  "metrics/mAP50(B)": 0.17469685578685995,
  "metrics/mAP50-95(B)": 0.1244334480980314,
  "fitness": 0.1244334480980314
}