{
  "metrics/precision(B)": 0.2898894169390963,
  "metrics/recall(B)": 0.506217115371985,
  "metrics/mAP50(B)": 0.2959954198575226,
  "metrics/mAP50-95(B)": 0.24562605030835155,
  "fitness": 0.24562605030835155
}