{
  "metrics/precision(B)": 0.4221678991649945,
  "metrics/recall(B)": 0.15339531123686337,
  "metrics/mAP50(B)": 0.1973622887017398,
  "metrics/mAP50-95(B)": 0.17227700136167928,
  "fitness": 0.17227700136167928
}