{
  "metrics/precision(B)": 0.3265798944433733,
  "metrics/recall(B)": 0.1438701172355259,
  "metrics/mAP50(B)": 0.08410133357654327,
  "metrics/mAP50-95(B)": 0.0442988093784986,
  "fitness": 0.0442988093784986
}