{
  "metrics/precision(B)": 0.23097411341991128,
  "metrics/recall(B)": 0.12315191707500991,
  "metrics/mAP50(B)": 0.0628862477923547,
  "metrics/mAP50-95(B)": 0.033099220535060384,
  "fitness": 0.033099220535060384
}