{
  "metrics/precision(B)": 0.4158200962890561,
  "metrics/recall(B)": 0.15359741309620048,
  "metrics/mAP50(B)": 0.17009558243739373,
  "metrics/mAP50-95(B)": 0.12034669701846226,
  "fitness": 0.12034669701846226
}