{
  "metrics/precision(B)": 0.13919157529350593,
  "metrics/recall(B)": 0.15982446125766142,
  "metrics/mAP50(B)": 0.07741093599193227,
  "metrics/mAP50-95(B)": 0.05284774812241727,
  "fitness": 0.05284774812241727
}