{
  "metrics/precision(B)": 0.3471977727597654,
  "metrics/recall(B)": 0.26026726675590167,
  "metrics/mAP50(B)": 0.15537623333011924,
  "metrics/mAP50-95(B)": 0.07406551884308335,
  "fitness": 0.07406551884308335
}