{
  "metrics/precision(B)": 0.2032483666355423,
  "metrics/recall(B)": 0.20149474291913735,
  "metrics/mAP50(B)": 0.11653528574176714,
  "metrics/mAP50-95(B)": 0.08391313967087946,
  "fitness": 0.08391313967087946
}