{
  "metrics/precision(B)": 0.5257364342911216,
  "metrics/recall(B)": 0.24175735706300136,
  "metrics/mAP50(B)": 0.27719274810612776,
  "metrics/mAP50-95(B)": 0.23014442906301116,
  "fitness": 0.23014442906301116
}