{
  "metrics/precision(B)": 0.35744719338509423,
  "metrics/recall(B)": 0.28802560359919727,
  "metrics/mAP50(B)": 0.17529740270709696,
  "metrics/mAP50-95(B)": 0.08238777440160663,
  "fitness": 0.08238777440160663
}