{
  "metrics/precision(B)": 0.2511758264375994,
  "metrics/recall(B)": 0.1544476054282688,
  "metrics/mAP50(B)": 0.08439157983823836,
  "metrics/mAP50-95(B)": 0.04360383927513907,
  "fitness": 0.04360383927513907
}