{
  "metrics/precision(B)": 0.23695399928457395,
  "metrics/recall(B)": 0.18096081129236136,
  "metrics/mAP50(B)": 0.10023571947052431,
  "metrics/mAP50-95(B)": 0.05041261383716365,
  "fitness": 0.05041261383716365
}